record_id,market,recorded_purchase_price,recorded_down_payment,recorded_closing_costs,recorded_design_costs,recorded_entry_total,component_sum,component_minus_entry_total,evidence_status,source_url
deal-03,"Broken Bow, Oklahoma",995000,99500,7388,171848,278736,278736,0,Company-recorded fields; not independently verified complete costs,https://www.bnbaccelerator.com/deals/
deal-02,"Branson West, Missouri",1600000,176000,9390,178500,363890,363890,0,Company-recorded fields; not independently verified complete costs,https://www.bnbaccelerator.com/deals/
deal-20,"Poconos, Pennsylvania",880000,88000,23000,134156,245156,245156,0,Company-recorded fields; not independently verified complete costs,https://www.bnbaccelerator.com/deals/
deal-21,"Smoky Mountains, Tennessee",1375000,151250,10313,143106,284044,304669,20625,Company-recorded fields; not independently verified complete costs,https://www.bnbaccelerator.com/deals/
deal-04,"Broken Bow, Oklahoma",1000000,100000,15000,136500,251500,251500,0,Company-recorded fields; not independently verified complete costs,https://www.bnbaccelerator.com/deals/
deal-22,"Smoky Mountains, Tennessee",1050000,115500,7250,119218,241968,241968,0,Company-recorded fields; not independently verified complete costs,https://www.bnbaccelerator.com/deals/
deal-15,Florida Panhandle (30A),630000,63000,1950,159750,220800,224700,3900,Company-recorded fields; not independently verified complete costs,https://www.bnbaccelerator.com/deals/
deal-16,Florida Panhandle (30A),560000,56000,13200,162950,205750,232150,26400,Company-recorded fields; not independently verified complete costs,https://www.bnbaccelerator.com/deals/
deal-01,"Austin, Texas",415000,83000,25000,142775,250775,250775,0,Company-recorded fields; not independently verified complete costs,https://www.bnbaccelerator.com/deals/
deal-24,"Smoky Mountains, Tennessee",1080000,108000,2600,100000,205400,210600,5200,Company-recorded fields; not independently verified complete costs,https://www.bnbaccelerator.com/deals/
deal-12,Florida Panhandle (30A),540000,54000,22300,97750,174050,174050,0,Company-recorded fields; not independently verified complete costs,https://www.bnbaccelerator.com/deals/
deal-23,"Smoky Mountains, Tennessee",1090000,218000,5450,39668,263118,263118,0,Company-recorded fields; not independently verified complete costs,https://www.bnbaccelerator.com/deals/
deal-19,"Poconos, Pennsylvania",590000,59000,8600,152303,219903,219903,0,Company-recorded fields; not independently verified complete costs,https://www.bnbaccelerator.com/deals/
deal-05,"Denver, Colorado",545000,54500,3625,136122,194247,194247,0,Company-recorded fields; not independently verified complete costs,https://www.bnbaccelerator.com/deals/
deal-09,"Gulf Shores, Alabama",1595000,170000,15950,102750,288700,288700,0,Company-recorded fields; not independently verified complete costs,https://www.bnbaccelerator.com/deals/
deal-14,Florida Panhandle (30A),700000,105000,10500,120500,236000,236000,0,Company-recorded fields; not independently verified complete costs,https://www.bnbaccelerator.com/deals/
deal-13,Florida Panhandle (30A),1100000,118000,16500,72335,206835,206835,0,Company-recorded fields; not independently verified complete costs,https://www.bnbaccelerator.com/deals/
deal-06,"Denver, Colorado",555000,55500,1100,103647,160247,160247,0,Company-recorded fields; not independently verified complete costs,https://www.bnbaccelerator.com/deals/
deal-17,Florida Panhandle (30A),645000,129000,24188,42581,195769,195769,0,Company-recorded fields; not independently verified complete costs,https://www.bnbaccelerator.com/deals/
deal-18,Florida Panhandle (30A),1150000,287500,70500,34660,392660,392660,0,Company-recorded fields; not independently verified complete costs,https://www.bnbaccelerator.com/deals/
deal-10,"Hollister, Missouri",764900,76490,373,60456,137318,137319,1,Company-recorded fields; not independently verified complete costs,https://www.bnbaccelerator.com/deals/
deal-25,"Smoky Mountains, Tennessee",775000,77500,9875,51567,138942,138942,0,Company-recorded fields; not independently verified complete costs,https://www.bnbaccelerator.com/deals/
deal-08,"Orlando corridor, Florida",590000,59000,5775,76508,141283,141283,0,Company-recorded fields; not independently verified complete costs,https://www.bnbaccelerator.com/deals/
deal-07,"Destin, Florida",950000,120000,18600,12988,151588,151588,0,Company-recorded fields; not independently verified complete costs,https://www.bnbaccelerator.com/deals/
deal-11,Florida Panhandle (30A),1140000,228000,45600,133544,407144,407144,0,Company-recorded fields; not independently verified complete costs,https://www.bnbaccelerator.com/deals/
