Slug,Repeated-template markers,Approximate article words,Interpretation
after-hours-guest-support-cost,5,1409,Needs substantive editorial review; marker count is not a quality or indexing determination
airbnb-reviews-property-sale,5,1436,Needs substantive editorial review; marker count is not a quality or indexing determination
appraisal-gap-furnished-str,5,1541,Needs substantive editorial review; marker count is not a quality or indexing determination
assign-str-management-contract-sale,5,1409,Needs substantive editorial review; marker count is not a quality or indexing determination
backup-cleaner-str,5,1405,Needs substantive editorial review; marker count is not a quality or indexing determination
bank-statement-loan-str,5,1458,Needs substantive editorial review; marker count is not a quality or indexing determination
blocked-calendar-demand-signal,5,1453,Needs substantive editorial review; marker count is not a quality or indexing determination
buy-str-entity-or-assets,5,1541,Needs substantive editorial review; marker count is not a quality or indexing determination
certificate-of-occupancy-str-remodel,5,1511,Needs substantive editorial review; marker count is not a quality or indexing determination
cleaner-capacity-peak-season,5,1466,Needs substantive editorial review; marker count is not a quality or indexing determination
cleaning-fees-gross-revenue,5,1444,Needs substantive editorial review; marker count is not a quality or indexing determination
closing-before-peak-season-str,5,1506,Needs substantive editorial review; marker count is not a quality or indexing determination
coastal-corrosion-capex-str,5,1431,Needs substantive editorial review; marker count is not a quality or indexing determination
combine-vrbo-direct-airbnb-revenue,5,1405,Needs substantive editorial review; marker count is not a quality or indexing determination
commercial-umbrella-str,5,1487,Needs substantive editorial review; marker count is not a quality or indexing determination
cost-seg-furnishings-allocation,5,1445,Needs substantive editorial review; marker count is not a quality or indexing determination
discounts-coupons-net-adr,5,1422,Needs substantive editorial review; marker count is not a quality or indexing determination
dock-watercraft-str-liability,5,1462,Needs substantive editorial review; marker count is not a quality or indexing determination
dscr-vacancy-factor-str,5,1476,Needs substantive editorial review; marker count is not a quality or indexing determination
earnest-money-release-str,5,1480,Needs substantive editorial review; marker count is not a quality or indexing determination
event-calendar-str-pricing,5,1446,Needs substantive editorial review; marker count is not a quality or indexing determination
flood-zone-str-underwriting,5,1414,Needs substantive editorial review; marker count is not a quality or indexing determination
furniture-replacement-cycle-str,5,1461,Needs substantive editorial review; marker count is not a quality or indexing determination
future-booking-calendar-value,5,1455,Needs substantive editorial review; marker count is not a quality or indexing determination
future-reservations-at-closing,5,1484,Needs substantive editorial review; marker count is not a quality or indexing determination
gap-night-rule-str,5,1358,Needs substantive editorial review; marker count is not a quality or indexing determination
gift-funds-str-down-payment,5,1444,Needs substantive editorial review; marker count is not a quality or indexing determination
hot-tub-replacement-reserve,5,1468,Needs substantive editorial review; marker count is not a quality or indexing determination
inspection-contingency-length-str,5,1576,Needs substantive editorial review; marker count is not a quality or indexing determination
last-minute-discount-str,5,1440,Needs substantive editorial review; marker count is not a quality or indexing determination
linen-par-level-cost,5,1471,Needs substantive editorial review; marker count is not a quality or indexing determination
lodging-tax-platform-reconciliation,5,1400,Needs substantive editorial review; marker count is not a quality or indexing determination
lodging-tax-registration-before-launch,5,1372,Needs substantive editorial review; marker count is not a quality or indexing determination
lost-rental-income-limit-str,5,1457,Needs substantive editorial review; marker count is not a quality or indexing determination
minimum-night-rule-str-economics,5,1399,Needs substantive editorial review; marker count is not a quality or indexing determination
minimum-stay-peak-dates,5,1432,Needs substantive editorial review; marker count is not a quality or indexing determination
new-listing-ramp-underwriting,5,1441,Needs substantive editorial review; marker count is not a quality or indexing determination
nonconforming-str-use-sale,5,1396,Needs substantive editorial review; marker count is not a quality or indexing determination
normalize-owner-blocks-str,5,1427,Needs substantive editorial review; marker count is not a quality or indexing determination
normalize-str-utility-bills,5,1490,Needs substantive editorial review; marker count is not a quality or indexing determination
occupancy-target-by-month-str,5,1428,Needs substantive editorial review; marker count is not a quality or indexing determination
offsite-laundry-str,5,1440,Needs substantive editorial review; marker count is not a quality or indexing determination
orphan-night-pricing-str,5,1428,Needs substantive editorial review; marker count is not a quality or indexing determination
owner-closet-inventory-control,5,1413,Needs substantive editorial review; marker count is not a quality or indexing determination
parcel-jurisdiction-str,5,1454,Needs substantive editorial review; marker count is not a quality or indexing determination
parking-occupancy-str-cap,5,1410,Needs substantive editorial review; marker count is not a quality or indexing determination
permit-pending-due-diligence-extension,5,1496,Needs substantive editorial review; marker count is not a quality or indexing determination
pool-heating-cost-underwriting,5,1476,Needs substantive editorial review; marker count is not a quality or indexing determination
pool-slide-liability-str,5,1443,Needs substantive editorial review; marker count is not a quality or indexing determination
primary-residence-str-rule,5,1411,Needs substantive editorial review; marker count is not a quality or indexing determination
property-manager-hours-record,5,1475,Needs substantive editorial review; marker count is not a quality or indexing determination
rate-buydown-str-investment,5,1457,Needs substantive editorial review; marker count is not a quality or indexing determination
rebrand-str-before-sale,5,1409,Needs substantive editorial review; marker count is not a quality or indexing determination
refinance-after-str-stabilization,5,1473,Needs substantive editorial review; marker count is not a quality or indexing determination
roof-age-str-policy-binding,5,1449,Needs substantive editorial review; marker count is not a quality or indexing determination
same-day-turn-time-budget,5,1439,Needs substantive editorial review; marker count is not a quality or indexing determination
second-home-loan-rental-intent,5,1460,Needs substantive editorial review; marker count is not a quality or indexing determination
security-camera-privacy-str,5,1449,Needs substantive editorial review; marker count is not a quality or indexing determination
sell-str-with-furniture,5,1391,Needs substantive editorial review; marker count is not a quality or indexing determination
seller-credit-str-furnishings,5,1483,Needs substantive editorial review; marker count is not a quality or indexing determination
seller-finance-str-sale,5,1499,Needs substantive editorial review; marker count is not a quality or indexing determination
seller-financing-balloon-str,5,1509,Needs substantive editorial review; marker count is not a quality or indexing determination
seller-proforma-vs-trailing-revenue,5,1498,Needs substantive editorial review; marker count is not a quality or indexing determination
septic-pumping-occupancy-cost,5,1455,Needs substantive editorial review; marker count is not a quality or indexing determination
shoulder-season-str-strategy,5,1413,Needs substantive editorial review; marker count is not a quality or indexing determination
snow-removal-cost-str,5,1436,Needs substantive editorial review; marker count is not a quality or indexing determination
str-1099-payout-reconciliation,5,1469,Needs substantive editorial review; marker count is not a quality or indexing determination
str-appraisal-income-approach,5,1421,Needs substantive editorial review; marker count is not a quality or indexing determination
str-booking-window-season,5,1459,Needs substantive editorial review; marker count is not a quality or indexing determination
str-cap-rate-sale-price,5,1432,Needs substantive editorial review; marker count is not a quality or indexing determination
str-complaint-permit-revocation,5,1401,Needs substantive editorial review; marker count is not a quality or indexing determination
str-consumables-cost-per-stay,5,1472,Needs substantive editorial review; marker count is not a quality or indexing determination
str-density-cap-waitlist,5,1426,Needs substantive editorial review; marker count is not a quality or indexing determination
str-entity-books-owner-expenses,5,1427,Needs substantive editorial review; marker count is not a quality or indexing determination
str-fire-inspection-closing,5,1448,Needs substantive editorial review; marker count is not a quality or indexing determination
str-furniture-bill-of-sale,5,1468,Needs substantive editorial review; marker count is not a quality or indexing determination
str-lender-reserve-requirements,5,1423,Needs substantive editorial review; marker count is not a quality or indexing determination
str-license-renewal-calendar,5,1427,Needs substantive editorial review; marker count is not a quality or indexing determination
str-long-term-rental-fallback,5,1437,Needs substantive editorial review; marker count is not a quality or indexing determination
str-maintenance-response-sla,5,1436,Needs substantive editorial review; marker count is not a quality or indexing determination
str-mixed-use-expense-allocation,5,1441,Needs substantive editorial review; marker count is not a quality or indexing determination
str-permit-value-sale,5,1414,Needs substantive editorial review; marker count is not a quality or indexing determination
str-personal-use-calendar,5,1416,Needs substantive editorial review; marker count is not a quality or indexing determination
str-pest-control-response,5,1387,Needs substantive editorial review; marker count is not a quality or indexing determination
str-placed-in-service-date,5,1494,Needs substantive editorial review; marker count is not a quality or indexing determination
str-portfolio-concentration-sale,5,1469,Needs substantive editorial review; marker count is not a quality or indexing determination
str-refunds-chargebacks-underwriting,5,1463,Needs substantive editorial review; marker count is not a quality or indexing determination
str-repair-vs-improvement-records,5,1448,Needs substantive editorial review; marker count is not a quality or indexing determination
str-sale-data-room,5,1489,Needs substantive editorial review; marker count is not a quality or indexing determination
str-trash-day-operations,5,1413,Needs substantive editorial review; marker count is not a quality or indexing determination
str-year-end-document-package,5,1512,Needs substantive editorial review; marker count is not a quality or indexing determination
trash-service-large-group-str,5,1442,Needs substantive editorial review; marker count is not a quality or indexing determination
vacant-renovation-str-coverage,5,1482,Needs substantive editorial review; marker count is not a quality or indexing determination
vendor-smart-lock-access,5,1417,Needs substantive editorial review; marker count is not a quality or indexing determination
weather-cancellation-pricing-str,5,1408,Needs substantive editorial review; marker count is not a quality or indexing determination
weekly-discount-str-math,5,1394,Needs substantive editorial review; marker count is not a quality or indexing determination
wildfire-insurability-str,5,1439,Needs substantive editorial review; marker count is not a quality or indexing determination
wind-deductible-str-reserve,5,1450,Needs substantive editorial review; marker count is not a quality or indexing determination
