slug,words,status,modified
after-hours-guest-support-cost,160,Reviewed: repetitive body removed; topic-specific decision and scenario retained; decision procedure added,2026-10-06
airbnb-reviews-property-sale,228,Reviewed: repetitive body removed; topic-specific decision and scenario retained; decision procedure added,2026-10-06
appraisal-gap-furnished-str,208,Reviewed: repetitive body removed; topic-specific decision and scenario retained; decision procedure added,2026-10-06
assign-str-management-contract-sale,157,Reviewed: repetitive body removed; topic-specific decision and scenario retained; decision procedure added,2026-10-06
backup-cleaner-str,154,Reviewed: repetitive body removed; topic-specific decision and scenario retained; decision procedure added,2026-10-06
bank-statement-loan-str,164,Reviewed: repetitive body removed; topic-specific decision and scenario retained; decision procedure added,2026-10-06
blocked-calendar-demand-signal,206,Reviewed: repetitive body removed; topic-specific decision and scenario retained; decision procedure added,2026-10-06
buy-str-entity-or-assets,190,Reviewed: repetitive body removed; topic-specific decision and scenario retained; decision procedure added,2026-10-06
certificate-of-occupancy-str-remodel,193,Reviewed: repetitive body removed; topic-specific decision and scenario retained; decision procedure added,2026-10-06
cleaner-capacity-peak-season,168,Reviewed: repetitive body removed; topic-specific decision and scenario retained; decision procedure added,2026-10-06
cleaning-fees-gross-revenue,175,Reviewed: repetitive body removed; topic-specific decision and scenario retained; decision procedure added,2026-10-06
closing-before-peak-season-str,189,Reviewed: repetitive body removed; topic-specific decision and scenario retained; decision procedure added,2026-10-06
coastal-corrosion-capex-str,175,Reviewed: repetitive body removed; topic-specific decision and scenario retained; decision procedure added,2026-10-06
combine-vrbo-direct-airbnb-revenue,170,Reviewed: repetitive body removed; topic-specific decision and scenario retained; decision procedure added,2026-10-06
commercial-umbrella-str,184,Reviewed: repetitive body removed; topic-specific decision and scenario retained; decision procedure added,2026-10-06
cost-seg-furnishings-allocation,164,Reviewed: repetitive body removed; topic-specific decision and scenario retained; decision procedure added,2026-10-06
discounts-coupons-net-adr,171,Reviewed: repetitive body removed; topic-specific decision and scenario retained; decision procedure added,2026-10-06
dock-watercraft-str-liability,168,Reviewed: repetitive body removed; topic-specific decision and scenario retained; decision procedure added,2026-10-06
dscr-vacancy-factor-str,181,Reviewed: repetitive body removed; topic-specific decision and scenario retained; decision procedure added,2026-10-06
earnest-money-release-str,185,Reviewed: repetitive body removed; topic-specific decision and scenario retained; decision procedure added,2026-10-06
event-calendar-str-pricing,173,Reviewed: repetitive body removed; topic-specific decision and scenario retained; decision procedure added,2026-10-06
flood-zone-str-underwriting,164,Reviewed: repetitive body removed; topic-specific decision and scenario retained; decision procedure added,2026-10-06
furniture-replacement-cycle-str,178,Reviewed: repetitive body removed; topic-specific decision and scenario retained; decision procedure added,2026-10-06
future-booking-calendar-value,201,Reviewed: repetitive body removed; topic-specific decision and scenario retained; decision procedure added,2026-10-06
future-reservations-at-closing,188,Reviewed: repetitive body removed; topic-specific decision and scenario retained; decision procedure added,2026-10-06
gap-night-rule-str,157,Reviewed: repetitive body removed; topic-specific decision and scenario retained; decision procedure added,2026-10-06
gift-funds-str-down-payment,217,Reviewed: repetitive body removed; topic-specific decision and scenario retained; decision procedure added,2026-10-06
hot-tub-replacement-reserve,180,Reviewed: repetitive body removed; topic-specific decision and scenario retained; decision procedure added,2026-10-06
inspection-contingency-length-str,218,Reviewed: repetitive body removed; topic-specific decision and scenario retained; decision procedure added,2026-10-06
last-minute-discount-str,168,Reviewed: repetitive body removed; topic-specific decision and scenario retained; decision procedure added,2026-10-06
linen-par-level-cost,175,Reviewed: repetitive body removed; topic-specific decision and scenario retained; decision procedure added,2026-10-06
lodging-tax-platform-reconciliation,157,Reviewed: repetitive body removed; topic-specific decision and scenario retained; decision procedure added,2026-10-06
lodging-tax-registration-before-launch,156,Reviewed: repetitive body removed; topic-specific decision and scenario retained; decision procedure added,2026-10-06
lost-rental-income-limit-str,174,Reviewed: repetitive body removed; topic-specific decision and scenario retained; decision procedure added,2026-10-06
minimum-night-rule-str-economics,163,Reviewed: repetitive body removed; topic-specific decision and scenario retained; decision procedure added,2026-10-06
minimum-stay-peak-dates,163,Reviewed: repetitive body removed; topic-specific decision and scenario retained; decision procedure added,2026-10-06
new-listing-ramp-underwriting,173,Reviewed: repetitive body removed; topic-specific decision and scenario retained; decision procedure added,2026-10-06
nonconforming-str-use-sale,179,Reviewed: repetitive body removed; topic-specific decision and scenario retained; decision procedure added,2026-10-06
normalize-owner-blocks-str,177,Reviewed: repetitive body removed; topic-specific decision and scenario retained; decision procedure added,2026-10-06
normalize-str-utility-bills,183,Reviewed: repetitive body removed; topic-specific decision and scenario retained; decision procedure added,2026-10-06
occupancy-target-by-month-str,169,Reviewed: repetitive body removed; topic-specific decision and scenario retained; decision procedure added,2026-10-06
offsite-laundry-str,157,Reviewed: repetitive body removed; topic-specific decision and scenario retained; decision procedure added,2026-10-06
orphan-night-pricing-str,165,Reviewed: repetitive body removed; topic-specific decision and scenario retained; decision procedure added,2026-10-06
owner-closet-inventory-control,153,Reviewed: repetitive body removed; topic-specific decision and scenario retained; decision procedure added,2026-10-06
parcel-jurisdiction-str,169,Reviewed: repetitive body removed; topic-specific decision and scenario retained; decision procedure added,2026-10-06
parking-occupancy-str-cap,167,Reviewed: repetitive body removed; topic-specific decision and scenario retained; decision procedure added,2026-10-06
permit-pending-due-diligence-extension,187,Reviewed: repetitive body removed; topic-specific decision and scenario retained; decision procedure added,2026-10-06
pool-heating-cost-underwriting,203,Reviewed: repetitive body removed; topic-specific decision and scenario retained; decision procedure added,2026-10-06
pool-slide-liability-str,169,Reviewed: repetitive body removed; topic-specific decision and scenario retained; decision procedure added,2026-10-06
primary-residence-str-rule,173,Reviewed: repetitive body removed; topic-specific decision and scenario retained; decision procedure added,2026-10-06
property-manager-hours-record,234,Reviewed: repetitive body removed; topic-specific decision and scenario retained; decision procedure added,2026-10-06
rate-buydown-str-investment,175,Reviewed: repetitive body removed; topic-specific decision and scenario retained; decision procedure added,2026-10-06
rebrand-str-before-sale,161,Reviewed: repetitive body removed; topic-specific decision and scenario retained; decision procedure added,2026-10-06
refinance-after-str-stabilization,176,Reviewed: repetitive body removed; topic-specific decision and scenario retained; decision procedure added,2026-10-06
roof-age-str-policy-binding,170,Reviewed: repetitive body removed; topic-specific decision and scenario retained; decision procedure added,2026-10-06
same-day-turn-time-budget,168,Reviewed: repetitive body removed; topic-specific decision and scenario retained; decision procedure added,2026-10-06
second-home-loan-rental-intent,191,Reviewed: repetitive body removed; topic-specific decision and scenario retained; decision procedure added,2026-10-06
security-camera-privacy-str,171,Reviewed: repetitive body removed; topic-specific decision and scenario retained; decision procedure added,2026-10-06
sell-str-with-furniture,160,Reviewed: repetitive body removed; topic-specific decision and scenario retained; decision procedure added,2026-10-06
seller-credit-str-furnishings,203,Reviewed: repetitive body removed; topic-specific decision and scenario retained; decision procedure added,2026-10-06
seller-finance-str-sale,174,Reviewed: repetitive body removed; topic-specific decision and scenario retained; decision procedure added,2026-10-06
seller-financing-balloon-str,184,Reviewed: repetitive body removed; topic-specific decision and scenario retained; decision procedure added,2026-10-06
seller-proforma-vs-trailing-revenue,185,Reviewed: repetitive body removed; topic-specific decision and scenario retained; decision procedure added,2026-10-06
septic-pumping-occupancy-cost,176,Reviewed: repetitive body removed; topic-specific decision and scenario retained; decision procedure added,2026-10-06
shoulder-season-str-strategy,159,Reviewed: repetitive body removed; topic-specific decision and scenario retained; decision procedure added,2026-10-06
snow-removal-cost-str,166,Reviewed: repetitive body removed; topic-specific decision and scenario retained; decision procedure added,2026-10-06
str-1099-payout-reconciliation,170,Reviewed: repetitive body removed; topic-specific decision and scenario retained; decision procedure added,2026-10-06
str-appraisal-income-approach,163,Reviewed: repetitive body removed; topic-specific decision and scenario retained; decision procedure added,2026-10-06
str-booking-window-season,178,Reviewed: repetitive body removed; topic-specific decision and scenario retained; decision procedure added,2026-10-06
str-cap-rate-sale-price,157,Reviewed: repetitive body removed; topic-specific decision and scenario retained; decision procedure added,2026-10-06
str-complaint-permit-revocation,178,Reviewed: repetitive body removed; topic-specific decision and scenario retained; decision procedure added,2026-10-06
str-consumables-cost-per-stay,175,Reviewed: repetitive body removed; topic-specific decision and scenario retained; decision procedure added,2026-10-06
str-density-cap-waitlist,166,Reviewed: repetitive body removed; topic-specific decision and scenario retained; decision procedure added,2026-10-06
str-entity-books-owner-expenses,156,Reviewed: repetitive body removed; topic-specific decision and scenario retained; decision procedure added,2026-10-06
str-fire-inspection-closing,164,Reviewed: repetitive body removed; topic-specific decision and scenario retained; decision procedure added,2026-10-06
str-furniture-bill-of-sale,180,Reviewed: repetitive body removed; topic-specific decision and scenario retained; decision procedure added,2026-10-06
str-lender-reserve-requirements,168,Reviewed: repetitive body removed; topic-specific decision and scenario retained; decision procedure added,2026-10-06
str-license-renewal-calendar,167,Reviewed: repetitive body removed; topic-specific decision and scenario retained; decision procedure added,2026-10-06
str-long-term-rental-fallback,172,Reviewed: repetitive body removed; topic-specific decision and scenario retained; decision procedure added,2026-10-06
str-maintenance-response-sla,165,Reviewed: repetitive body removed; topic-specific decision and scenario retained; decision procedure added,2026-10-06
str-mixed-use-expense-allocation,167,Reviewed: repetitive body removed; topic-specific decision and scenario retained; decision procedure added,2026-10-06
str-permit-value-sale,157,Reviewed: repetitive body removed; topic-specific decision and scenario retained; decision procedure added,2026-10-06
str-personal-use-calendar,161,Reviewed: repetitive body removed; topic-specific decision and scenario retained; decision procedure added,2026-10-06
str-pest-control-response,152,Reviewed: repetitive body removed; topic-specific decision and scenario retained; decision procedure added,2026-10-06
str-placed-in-service-date,220,Reviewed: repetitive body removed; topic-specific decision and scenario retained; decision procedure added,2026-10-06
str-portfolio-concentration-sale,171,Reviewed: repetitive body removed; topic-specific decision and scenario retained; decision procedure added,2026-10-06
str-refunds-chargebacks-underwriting,184,Reviewed: repetitive body removed; topic-specific decision and scenario retained; decision procedure added,2026-10-06
str-repair-vs-improvement-records,173,Reviewed: repetitive body removed; topic-specific decision and scenario retained; decision procedure added,2026-10-06
str-sale-data-room,169,Reviewed: repetitive body removed; topic-specific decision and scenario retained; decision procedure added,2026-10-06
str-trash-day-operations,159,Reviewed: repetitive body removed; topic-specific decision and scenario retained; decision procedure added,2026-10-06
str-year-end-document-package,173,Reviewed: repetitive body removed; topic-specific decision and scenario retained; decision procedure added,2026-10-06
trash-service-large-group-str,166,Reviewed: repetitive body removed; topic-specific decision and scenario retained; decision procedure added,2026-10-06
vacant-renovation-str-coverage,173,Reviewed: repetitive body removed; topic-specific decision and scenario retained; decision procedure added,2026-10-06
vendor-smart-lock-access,153,Reviewed: repetitive body removed; topic-specific decision and scenario retained; decision procedure added,2026-10-06
weather-cancellation-pricing-str,154,Reviewed: repetitive body removed; topic-specific decision and scenario retained; decision procedure added,2026-10-06
weekly-discount-str-math,160,Reviewed: repetitive body removed; topic-specific decision and scenario retained; decision procedure added,2026-10-06
wildfire-insurability-str,166,Reviewed: repetitive body removed; topic-specific decision and scenario retained; decision procedure added,2026-10-06
wind-deductible-str-reserve,167,Reviewed: repetitive body removed; topic-specific decision and scenario retained; decision procedure added,2026-10-06
