source,destination,permanent
/blog/str-market-update-q4-2026/,/topics/market-analysis/,True
/blog/str-market-update-q3-2026/,/topics/market-analysis/,True
/services/,/how-it-works/,True
/services/:page/,/how-it-works/,True
/offering/,/how-it-works/,True
/offering/:page/,/how-it-works/,True
/results/,/case-studies/,True
/results/:page/,/case-studies/,True
/contact/,/apply/,True
/contact/:page/,/apply/,True
/bnb-accelerator-review-legit/,/reviews/,True
/bnb-accelerator-review-legit/:page/,/reviews/,True
/is-bnb-accelerator-legit/,/reviews/,True
/is-bnb-accelerator-legit/:page/,/reviews/,True
/bnb-accelerator-faq/,/faq/,True
/bnb-accelerator-faq/:page/,/faq/,True
/bnb-accelerator-cost-pricing/,/pricing/,True
/bnb-accelerator-cost-pricing/:page/,/pricing/,True
/bnb-accelerator-cost-what-does-the-done-for-you-service-actually-cost/,/pricing/,True
/bnb-accelerator-cost-what-does-the-done-for-you-service-actually-cost/:page/,/pricing/,True
/airbnb-response-rate-why-it-matters-and-how-to-keep-it-at-100/,/guides/airbnb-response-rate/,True
/airbnb-response-rate-why-it-matters-and-how-to-keep-it-at-100/:page/,/guides/airbnb-response-rate/,True
/airbnb-during-a-recession-does-str-investing-hold-up-in-economic-downturns/,/guides/airbnb-recession-risk/,True
/airbnb-during-a-recession-does-str-investing-hold-up-in-economic-downturns/:page/,/guides/airbnb-recession-risk/,True
/airbnb-taxes-for-hosts-complete-guide-to-str-tax-obligations/,/tax-strategy/,True
/airbnb-taxes-for-hosts-complete-guide-to-str-tax-obligations/:page/,/tax-strategy/,True
/str-self-manage-vs-professional-management/,/management/,True
/str-self-manage-vs-professional-management/:page/,/management/,True
/airbnb-average-daily-rate-how-to-maximize-your-adr/,/blog/airbnb-pricing-strategy/,True
/airbnb-average-daily-rate-how-to-maximize-your-adr/:page/,/blog/airbnb-pricing-strategy/,True
/airbnb-vs-vrbo-which-platform-should-str-investors-prioritize/,/blog/airbnb-vs-vrbo/,True
/airbnb-vs-vrbo-which-platform-should-str-investors-prioritize/:page/,/blog/airbnb-vs-vrbo/,True
/airbnb-property-management-software/,/blog/airbnb-automation-tools/,True
/airbnb-property-management-software/:page/,/blog/airbnb-automation-tools/,True
/short-term-rental-portfolio-how-to-build-3-5-cash-flowing-strs/,/blog/scale-from-1-to-10-airbnbs/,True
/short-term-rental-portfolio-how-to-build-3-5-cash-flowing-strs/:page/,/blog/scale-from-1-to-10-airbnbs/,True
/what-is-bnb-accelerator-and-how-it-helps-you-buy-better-short-term-rentals/,/how-it-works/,True
/what-is-bnb-accelerator-and-how-it-helps-you-buy-better-short-term-rentals/:page/,/how-it-works/,True
/from-purchase-to-profit-the-complete-short-term-rental-timeline/,/how-it-works/,True
/from-purchase-to-profit-the-complete-short-term-rental-timeline/:page/,/how-it-works/,True
/why-short-term-rentals-require-a-framework-the-bnb-accelerator-advantage/,/how-it-works/,True
/why-short-term-rentals-require-a-framework-the-bnb-accelerator-advantage/:page/,/how-it-works/,True
/the-top-10-short-term-rental-markets-to-watch-in-2025/,/best-cities-airbnb-investment-2026/,True
/the-top-10-short-term-rental-markets-to-watch-in-2025/:page/,/best-cities-airbnb-investment-2026/,True
/airbnb-zoning-how-to-verify-your-property-is-legally-allowed-to-be-an-str/,/underwriting/permit-transfer/,True
/airbnb-zoning-how-to-verify-your-property-is-legally-allowed-to-be-an-str/:page/,/underwriting/permit-transfer/,True
/airbnb-amenities-that-actually-increase-bookings-and-revenue/,/blog/airbnb-amenities-that-increase-revenue/,True
/airbnb-amenities-that-actually-increase-bookings-and-revenue/:page/,/blog/airbnb-amenities-that-increase-revenue/,True
/airbnb-hot-tub-the-best-roi-amenity-you-can-add-to-your-str-property/,/blog/airbnb-hot-tub-roi/,True
/airbnb-hot-tub-the-best-roi-amenity-you-can-add-to-your-str-property/:page/,/blog/airbnb-hot-tub-roi/,True
/case-studies/victoria-sevierville-tn-9br-cabin/,/case-studies/victoria-sevierville/,True
/case-studies/peter-eck-ibm-partner-six-properties/,/case-studies/peter-e-santa-rosa-beach/,True
/case-studies/ashley-billy-fort-walton-beach-fl/,/case-studies/ashley-billy-fort-walton-beach/,True
/case-studies/antonio-fort-myers-fl-6br/,/case-studies/antonio-fort-myers/,True
/case-studies/shardul-mayanka-panama-city-beach-fl/,/case-studies/shardul-mayanka-panama-city-beach/,True
/case-studies/julie-pocono-lake-pa-5br/,/case-studies/julie-pocono-lake/,True
/case-studies/vishal-sevierville-tn-5br/,/case-studies/vishal-sevierville/,True
/case-studies/mahmoud-nashville-tn-4br/,/case-studies/mahmoud-nashville/,True
/case-studies/krystin-michael-nashville-tn-4br/,/case-studies/krystin-michael-nashville/,True
/case-studies/jason-marissa-champions-gate-fl-8br/,/case-studies/jason-marissa-champions-gate/,True
/case-studies/naveen-davenport-fl-8br/,/case-studies/naveen-davenport/,True
/case-studies/laxman-sabitri-johnson-city-tx-6br/,/case-studies/laxman-sabitri-johnson-city/,True
/case-studies/dustin-branson-west-mo-8br/,/case-studies/dustin-w-branson-west/,True
/case-studies/alfredo-millie-sevierville-tn-4br/,/case-studies/alfredo-millie-n-sevierville/,True
/case-studies/joe-s-broken-bow-ok-and-destin-fl/,/case-studies/joe-s-broken-bow/,True
/case-studies/mark-farrah-destin-fl-4br/,/case-studies/mark-farrah-destin/,True
/case-studies/tiffany-destin-fl-5br/,/case-studies/tiffany-destin/,True
/case-studies/adam-sevierville-tn-4br/,/case-studies/adam-s-sevierville/,True
/blog/analyzing-deals-2021/,/revenue-projections/,True
/blog/analyzing-deals-2022/,/revenue-projections/,True
/blog/analyzing-deals-2023/,/revenue-projections/,True
/blog/analyzing-deals-2024/,/revenue-projections/,True
/blog/analyzing-deals-2025/,/revenue-projections/,True
/blog/analyzing-deals-2026/,/revenue-projections/,True
/blog/austin-str-market-2021/,/markets/austin/,True
/blog/austin-str-market-2022/,/markets/austin/,True
/blog/austin-str-market-2023/,/markets/austin/,True
/blog/austin-str-market-2024/,/markets/austin/,True
/blog/austin-str-market-2025/,/markets/austin/,True
/blog/austin-str-market-2026/,/markets/austin/,True
/blog/big-bear-str-market-2021/,/markets/big-bear/,True
/blog/big-bear-str-market-2022/,/markets/big-bear/,True
/blog/big-bear-str-market-2023/,/markets/big-bear/,True
/blog/big-bear-str-market-2024/,/markets/big-bear/,True
/blog/big-bear-str-market-2025/,/markets/big-bear/,True
/blog/big-bear-str-market-2026/,/markets/big-bear/,True
/blog/bonus-depreciation-2021/,/tax-strategy/,True
/blog/bonus-depreciation-2022/,/tax-strategy/,True
/blog/bonus-depreciation-2023/,/tax-strategy/,True
/blog/bonus-depreciation-2024/,/tax-strategy/,True
/blog/bonus-depreciation-2025/,/tax-strategy/,True
/blog/bonus-depreciation-2026/,/tax-strategy/,True
/blog/branson-str-market-2021/,/markets/branson/,True
/blog/branson-str-market-2022/,/markets/branson/,True
/blog/branson-str-market-2023/,/markets/branson/,True
/blog/branson-str-market-2024/,/markets/branson/,True
/blog/branson-str-market-2025/,/markets/branson/,True
/blog/branson-str-market-2026/,/markets/branson/,True
/blog/broken-bow-str-market-2021/,/markets/broken-bow/,True
/blog/broken-bow-str-market-2022/,/markets/broken-bow/,True
/blog/broken-bow-str-market-2023/,/markets/broken-bow/,True
/blog/broken-bow-str-market-2024/,/markets/broken-bow/,True
/blog/broken-bow-str-market-2025/,/markets/broken-bow/,True
/blog/broken-bow-str-market-2026/,/markets/broken-bow/,True
/blog/cape-coral-str-market-2021/,/markets/cape-coral/,True
/blog/cape-coral-str-market-2022/,/markets/cape-coral/,True
/blog/cape-coral-str-market-2023/,/markets/cape-coral/,True
/blog/cape-coral-str-market-2024/,/markets/cape-coral/,True
/blog/cape-coral-str-market-2025/,/markets/cape-coral/,True
/blog/cape-coral-str-market-2026/,/markets/cape-coral/,True
/blog/cost-segregation-2021/,/tax-strategy/cost-segregation/,True
/blog/cost-segregation-2022/,/tax-strategy/cost-segregation/,True
/blog/cost-segregation-2023/,/tax-strategy/cost-segregation/,True
/blog/cost-segregation-2024/,/tax-strategy/cost-segregation/,True
/blog/cost-segregation-2025/,/tax-strategy/cost-segregation/,True
/blog/cost-segregation-2026/,/tax-strategy/cost-segregation/,True
/blog/denver-str-market-2021/,/markets/denver/,True
/blog/denver-str-market-2022/,/markets/denver/,True
/blog/denver-str-market-2023/,/markets/denver/,True
/blog/denver-str-market-2024/,/markets/denver/,True
/blog/denver-str-market-2025/,/markets/denver/,True
/blog/denver-str-market-2026/,/markets/denver/,True
/blog/design-furnishing-2021/,/design/,True
/blog/design-furnishing-2022/,/design/,True
/blog/design-furnishing-2023/,/design/,True
/blog/design-furnishing-2024/,/design/,True
/blog/design-furnishing-2025/,/design/,True
/blog/design-furnishing-2026/,/design/,True
/blog/destin-str-market-2021/,/markets/destin/,True
/blog/destin-str-market-2022/,/markets/destin/,True
/blog/destin-str-market-2023/,/markets/destin/,True
/blog/destin-str-market-2024/,/markets/destin/,True
/blog/destin-str-market-2025/,/markets/destin/,True
/blog/destin-str-market-2026/,/markets/destin/,True
/blog/gatlinburg-str-market-2021/,/markets/gatlinburg/,True
/blog/gatlinburg-str-market-2022/,/markets/gatlinburg/,True
/blog/gatlinburg-str-market-2023/,/markets/gatlinburg/,True
/blog/gatlinburg-str-market-2024/,/markets/gatlinburg/,True
/blog/gatlinburg-str-market-2025/,/markets/gatlinburg/,True
/blog/gatlinburg-str-market-2026/,/markets/gatlinburg/,True
/blog/guest-experience-2021/,/blog/reviews-compound-like-interest/,True
/blog/guest-experience-2022/,/blog/reviews-compound-like-interest/,True
/blog/guest-experience-2023/,/blog/reviews-compound-like-interest/,True
/blog/guest-experience-2024/,/blog/reviews-compound-like-interest/,True
/blog/guest-experience-2025/,/blog/reviews-compound-like-interest/,True
/blog/guest-experience-2026/,/blog/reviews-compound-like-interest/,True
/blog/gulf-shores-str-market-2021/,/markets/gulf-shores/,True
/blog/gulf-shores-str-market-2022/,/markets/gulf-shores/,True
/blog/gulf-shores-str-market-2023/,/markets/gulf-shores/,True
/blog/gulf-shores-str-market-2024/,/markets/gulf-shores/,True
/blog/gulf-shores-str-market-2025/,/markets/gulf-shores/,True
/blog/gulf-shores-str-market-2026/,/markets/gulf-shores/,True
/blog/joshua-tree-str-market-2021/,/markets/joshua-tree/,True
/blog/joshua-tree-str-market-2022/,/markets/joshua-tree/,True
/blog/joshua-tree-str-market-2023/,/markets/joshua-tree/,True
/blog/joshua-tree-str-market-2024/,/markets/joshua-tree/,True
/blog/joshua-tree-str-market-2025/,/markets/joshua-tree/,True
/blog/joshua-tree-str-market-2026/,/markets/joshua-tree/,True
/blog/kissimmee-str-market-2021/,/markets/kissimmee/,True
/blog/kissimmee-str-market-2022/,/markets/kissimmee/,True
/blog/kissimmee-str-market-2023/,/markets/kissimmee/,True
/blog/kissimmee-str-market-2024/,/markets/kissimmee/,True
/blog/kissimmee-str-market-2025/,/markets/kissimmee/,True
/blog/kissimmee-str-market-2026/,/markets/kissimmee/,True
/blog/lake-tahoe-str-market-2021/,/markets/lake-tahoe/,True
/blog/lake-tahoe-str-market-2022/,/markets/lake-tahoe/,True
/blog/lake-tahoe-str-market-2023/,/markets/lake-tahoe/,True
/blog/lake-tahoe-str-market-2024/,/markets/lake-tahoe/,True
/blog/lake-tahoe-str-market-2025/,/markets/lake-tahoe/,True
/blog/lake-tahoe-str-market-2026/,/markets/lake-tahoe/,True
/blog/management-systems-2021/,/management/,True
/blog/management-systems-2022/,/management/,True
/blog/management-systems-2023/,/management/,True
/blog/management-systems-2024/,/management/,True
/blog/management-systems-2025/,/management/,True
/blog/management-systems-2026/,/management/,True
/blog/material-participation-2021/,/tax-strategy/material-participation/,True
/blog/material-participation-2022/,/tax-strategy/material-participation/,True
/blog/material-participation-2023/,/tax-strategy/material-participation/,True
/blog/material-participation-2024/,/tax-strategy/material-participation/,True
/blog/material-participation-2025/,/tax-strategy/material-participation/,True
/blog/material-participation-2026/,/tax-strategy/material-participation/,True
/blog/nashville-str-market-2021/,/markets/nashville/,True
/blog/nashville-str-market-2022/,/markets/nashville/,True
/blog/nashville-str-market-2023/,/markets/nashville/,True
/blog/nashville-str-market-2024/,/markets/nashville/,True
/blog/nashville-str-market-2025/,/markets/nashville/,True
/blog/nashville-str-market-2026/,/markets/nashville/,True
/blog/panama-city-beach-str-market-2021/,/markets/panama-city-beach/,True
/blog/panama-city-beach-str-market-2022/,/markets/panama-city-beach/,True
/blog/panama-city-beach-str-market-2023/,/markets/panama-city-beach/,True
/blog/panama-city-beach-str-market-2024/,/markets/panama-city-beach/,True
/blog/panama-city-beach-str-market-2025/,/markets/panama-city-beach/,True
/blog/panama-city-beach-str-market-2026/,/markets/panama-city-beach/,True
/blog/park-city-str-market-2021/,/markets/park-city/,True
/blog/park-city-str-market-2022/,/markets/park-city/,True
/blog/park-city-str-market-2023/,/markets/park-city/,True
/blog/park-city-str-market-2024/,/markets/park-city/,True
/blog/park-city-str-market-2025/,/markets/park-city/,True
/blog/park-city-str-market-2026/,/markets/park-city/,True
/blog/phoenix-mesa-str-market-2021/,/markets/phoenix-mesa/,True
/blog/phoenix-mesa-str-market-2022/,/markets/phoenix-mesa/,True
/blog/phoenix-mesa-str-market-2023/,/markets/phoenix-mesa/,True
/blog/phoenix-mesa-str-market-2024/,/markets/phoenix-mesa/,True
/blog/phoenix-mesa-str-market-2025/,/markets/phoenix-mesa/,True
/blog/phoenix-mesa-str-market-2026/,/markets/phoenix-mesa/,True
/blog/poconos-str-market-2021/,/markets/poconos/,True
/blog/poconos-str-market-2022/,/markets/poconos/,True
/blog/poconos-str-market-2023/,/markets/poconos/,True
/blog/poconos-str-market-2024/,/markets/poconos/,True
/blog/poconos-str-market-2025/,/markets/poconos/,True
/blog/poconos-str-market-2026/,/markets/poconos/,True
/blog/pricing-strategy-2021/,/blog/pricing-the-booking-window/,True
/blog/pricing-strategy-2022/,/blog/pricing-the-booking-window/,True
/blog/pricing-strategy-2023/,/blog/pricing-the-booking-window/,True
/blog/pricing-strategy-2024/,/blog/pricing-the-booking-window/,True
/blog/pricing-strategy-2025/,/blog/pricing-the-booking-window/,True
/blog/pricing-strategy-2026/,/blog/pricing-the-booking-window/,True
/blog/regulation-2021/,/regulations/,True
/blog/regulation-2022/,/regulations/,True
/blog/regulation-2023/,/regulations/,True
/blog/regulation-2024/,/regulations/,True
/blog/regulation-2025/,/regulations/,True
/blog/regulation-2026/,/regulations/,True
/blog/scottsdale-str-market-2021/,/markets/scottsdale/,True
/blog/scottsdale-str-market-2022/,/markets/scottsdale/,True
/blog/scottsdale-str-market-2023/,/markets/scottsdale/,True
/blog/scottsdale-str-market-2024/,/markets/scottsdale/,True
/blog/scottsdale-str-market-2025/,/markets/scottsdale/,True
/blog/scottsdale-str-market-2026/,/markets/scottsdale/,True
/blog/sedona-str-market-2021/,/markets/sedona/,True
/blog/sedona-str-market-2022/,/markets/sedona/,True
/blog/sedona-str-market-2023/,/markets/sedona/,True
/blog/sedona-str-market-2024/,/markets/sedona/,True
/blog/sedona-str-market-2025/,/markets/sedona/,True
/blog/sedona-str-market-2026/,/markets/sedona/,True
/blog/seven-day-rule-2021/,/tax-strategy/7-day-rule/,True
/blog/seven-day-rule-2022/,/tax-strategy/7-day-rule/,True
/blog/seven-day-rule-2023/,/tax-strategy/7-day-rule/,True
/blog/seven-day-rule-2024/,/tax-strategy/7-day-rule/,True
/blog/seven-day-rule-2025/,/tax-strategy/7-day-rule/,True
/blog/seven-day-rule-2026/,/tax-strategy/7-day-rule/,True
/blog/smoky-mountains-str-market-2021/,/markets/smoky-mountains/,True
/blog/smoky-mountains-str-market-2022/,/markets/smoky-mountains/,True
/blog/smoky-mountains-str-market-2023/,/markets/smoky-mountains/,True
/blog/smoky-mountains-str-market-2024/,/markets/smoky-mountains/,True
/blog/smoky-mountains-str-market-2025/,/markets/smoky-mountains/,True
/blog/smoky-mountains-str-market-2026/,/markets/smoky-mountains/,True
/blog/str-financing-2021/,/financing/,True
/blog/str-financing-2022/,/financing/,True
/blog/str-financing-2023/,/financing/,True
/blog/str-financing-2024/,/financing/,True
/blog/str-financing-2025/,/financing/,True
/blog/str-financing-2026/,/financing/,True
/blog/str-market-update-q1-2021/,/topics/market-analysis/,True
/blog/str-market-update-q1-2022/,/topics/market-analysis/,True
/blog/str-market-update-q1-2023/,/topics/market-analysis/,True
/blog/str-market-update-q1-2024/,/topics/market-analysis/,True
/blog/str-market-update-q1-2025/,/topics/market-analysis/,True
/blog/str-market-update-q1-2026/,/topics/market-analysis/,True
/blog/str-market-update-q2-2021/,/topics/market-analysis/,True
/blog/str-market-update-q2-2022/,/topics/market-analysis/,True
/blog/str-market-update-q2-2023/,/topics/market-analysis/,True
/blog/str-market-update-q2-2024/,/topics/market-analysis/,True
/blog/str-market-update-q2-2025/,/topics/market-analysis/,True
/blog/str-market-update-q2-2026/,/topics/market-analysis/,True
/blog/str-market-update-q3-2021/,/topics/market-analysis/,True
/blog/str-market-update-q3-2022/,/topics/market-analysis/,True
/blog/str-market-update-q3-2023/,/topics/market-analysis/,True
/blog/str-market-update-q3-2024/,/topics/market-analysis/,True
/blog/str-market-update-q3-2025/,/topics/market-analysis/,True
/blog/str-market-update-q4-2021/,/topics/market-analysis/,True
/blog/str-market-update-q4-2022/,/topics/market-analysis/,True
/blog/str-market-update-q4-2023/,/topics/market-analysis/,True
/blog/str-market-update-q4-2024/,/topics/market-analysis/,True
/blog/str-market-update-q4-2025/,/topics/market-analysis/,True
/topics/market-updates/,/topics/market-analysis/,True
