source_url,source_title,clicks,impressions,average_position,canonical_eligible,proposed_target,existing_anchor_to_target,decision,reason
https://www.bnbaccelerator.com/,Buy Your First Short-Term Rental | BNB Accelerator,1,64,15.28125,True,,False,Exclude from this bounded batch,No true orphans. Do not force unrelated or unreviewed destination links from this source
https://www.bnbaccelerator.com/blog/sedona-arizona-str-market/,Sedona AZ Short-Term Rental Market (2026),1,2,5,True,,False,Exclude from this bounded batch,No true orphans. Do not force unrelated or unreviewed destination links from this source
https://www.bnbaccelerator.com/regulations/pennsylvania/,Pennsylvania Short-Term Rental Laws & Regulations (2026),0,113,7.504424778761062,True,,False,Exclude from this bounded batch,No true orphans. Do not force unrelated or unreviewed destination links from this source
https://www.bnbaccelerator.com/regulations/north-carolina/,North Carolina Short-Term Rental Laws & Regulations (2026),0,43,15.186046511627907,True,,False,Exclude from this bounded batch,No true orphans. Do not force unrelated or unreviewed destination links from this source
https://www.bnbaccelerator.com/regulations/alabama/,Alabama Short-Term Rental Laws & Regulations (2026),0,40,14.125,True,,False,Exclude from this bounded batch,No true orphans. Do not force unrelated or unreviewed destination links from this source
https://www.bnbaccelerator.com/regulations/texas/,Texas Short-Term Rental Laws & Regulations (2026),0,29,8.482758620689655,True,,False,Exclude from this bounded batch,No true orphans. Do not force unrelated or unreviewed destination links from this source
https://www.bnbaccelerator.com/regulations/new-york/,New York Short-Term Rental Laws & Regulations (2026),0,26,12.307692307692308,True,,False,Exclude from this bounded batch,No true orphans. Do not force unrelated or unreviewed destination links from this source
https://www.bnbaccelerator.com/regulations/colorado/,Colorado Short-Term Rental Laws & Regulations (2026),0,24,10.125,True,,False,Exclude from this bounded batch,Preserve historical educational coverage; minimize Colorado expansion; no new destination proposed
https://www.bnbaccelerator.com/regulations/arizona/,Arizona Short-Term Rental Laws & Regulations (2026),0,23,12.347826086956522,True,,False,Exclude from this bounded batch,No true orphans. Do not force unrelated or unreviewed destination links from this source
https://www.bnbaccelerator.com/regulations/missouri/,Missouri Short-Term Rental Laws & Regulations (2026),0,23,9.304347826086957,True,,False,Exclude from this bounded batch,No true orphans. Do not force unrelated or unreviewed destination links from this source
https://www.bnbaccelerator.com/blog/regulation-2025/,Not a current canonical HTML page,0,20,19.6,False,,False,Exclude from this bounded batch,Historical GSC URL is not in current canonical inventory; configured redirect to /regulations/
https://www.bnbaccelerator.com/guides/str-investment/beach-house/investment-cost/,Beach House STR Investment Cost Guide | BNB Accelerator,0,19,7.7368421052631575,True,https://www.bnbaccelerator.com/guides/str-investment/beach-house/furnishing-budget/,False,"Repair both, then add contextual detail link",Source/destination improvements and numerical evidence come first; sparse GSC signal does not establish authority
https://www.bnbaccelerator.com/guides/str-investment/fourplex/break-even-occupancy/,Fourplex STR Break-Even Occupancy Guide | BNB Accelerator,0,12,19.75,True,,False,Exclude from this bounded batch,No true orphans. Do not force unrelated or unreviewed destination links from this source
https://www.bnbaccelerator.com/testimonials/,BNB Accelerator Testimonials & Client Stories,0,12,12.083333333333334,True,,False,Exclude from this bounded batch,No true orphans. Do not force unrelated or unreviewed destination links from this source
https://www.bnbaccelerator.com/blog/vrbo-listing-handoff-buying-str/,Buying a Vrbo Rental: What Transfers? | BNB Accelerator,0,11,5.181818181818182,True,,False,Exclude from this bounded batch,Already links to the reviewed management/handoff guide; retain that relevant existing link
https://www.bnbaccelerator.com/blog/airbnb-guest-screening-damage/,Airbnb Guest Screening and Damage Prevention,0,10,12.7,True,,False,Exclude from this bounded batch,No true orphans. Do not force unrelated or unreviewed destination links from this source
https://www.bnbaccelerator.com/blog/short-term-rental-investing-2026/,Short Term Rental Investing 2026: Complete Guide,0,10,4.9,True,,False,Exclude from this bounded batch,No true orphans. Do not force unrelated or unreviewed destination links from this source
https://www.bnbaccelerator.com/guides/str-investment/triplex/break-even-occupancy/,Triplex STR Break-Even Occupancy Guide | BNB Accelerator,0,8,15.5,True,,False,Exclude from this bounded batch,No true orphans. Do not force unrelated or unreviewed destination links from this source
https://www.bnbaccelerator.com/blog/arizona-str-investing/,Arizona Short-Term Rental Investing Guide,0,7,3.5714285714285716,True,https://www.bnbaccelerator.com/markets/chandler/,False,"Repair both, then add parcel-specific routing link",Source/destination improvements and numerical evidence come first; sparse GSC signal does not establish authority
https://www.bnbaccelerator.com/blog/done-for-you-airbnb-model/,The Done-For-You Airbnb Model Explained,0,7,13.571428571428571,True,,False,Exclude from this bounded batch,No true orphans. Do not force unrelated or unreviewed destination links from this source
https://www.bnbaccelerator.com/blog/bnb-accelerator-vs-diy/,"BNB Accelerator vs Doing It Yourself: Time, Risk, ROI",0,7,13,True,,False,Exclude from this bounded batch,No true orphans. Do not force unrelated or unreviewed destination links from this source
https://www.bnbaccelerator.com/blog/switching-property-managers/,How to Switch Short-Term Rental Property Managers (2026),1,4,39.75,True,,False,Exclude from this bounded batch,No true orphans. Do not force unrelated or unreviewed destination links from this source
https://www.bnbaccelerator.com/blog/airbnb-dynamic-pricing-tools/,Airbnb Dynamic Pricing Tools That Actually Work,0,123,59.67479674796748,True,,False,Exclude from this bounded batch,No true orphans. Do not force unrelated or unreviewed destination links from this source
https://www.bnbaccelerator.com/answers/what-is-revpar/,What Is RevPAR? Definition and Formula (2026),0,54,20.12962962962963,True,https://www.bnbaccelerator.com/blog/airbnb-occupancy-rates-explained/,True,"Repair both, then retain or refine denominator link",Source/destination improvements and numerical evidence come first; sparse GSC signal does not establish authority
https://www.bnbaccelerator.com/blog/airbnb-occupancy-rates-explained/,Airbnb Occupancy Rates: What Good Looks Like in,0,44,36.40909090909091,True,https://www.bnbaccelerator.com/guides/str-investment/fourplex/break-even-occupancy/,False,"Repair both, then add the multifamily threshold link",Source/destination improvements and numerical evidence come first; sparse GSC signal does not establish authority
